,weekDay,timeLen,temperature_mean,distance_weekday
0,Monday,28.452083333333338,22.30385646391842,2180.86375
1,Tuesday,26.884583333333335,19.903689708103006,2148.4525
2,Wednesday,32.36296296296296,21.49186968593796,2212.6144444444444
3,Thursday,35.554074074074066,19.89765532967672,2389.7799999999997
4,Friday,29.13296296296296,20.698045587971414,2444.5677777777773
5,Saturday,32.46333333333333,20.861236817839043,2694.432222222222
6,Sunday,38.93833333333334,21.49751396859539,2906.7262499999997
