,weekDay,timeLen,temperature_mean,distance_weekday
0,Monday,25.775185185185187,20.79567769571488,2209.5722222222225
1,Tuesday,29.206250000000004,19.295635922889986,2121.47125
2,Wednesday,30.34708333333333,20.308558498989882,2290.8475000000003
3,Thursday,30.93958333333334,19.30162779739868,2367.2075
4,Friday,35.75925925925927,19.799590209787848,2446.742222222222
5,Saturday,38.782222222222224,19.903127838308354,2672.0788888888883
6,Sunday,33.592592592592595,20.301439563288675,2844.406666666666
